,lung,tub,xray,smoke,either,asia,dysp,bronc
lung,0.0,2.753808789992814e-05,0.18934956422603155,0.1165576602978218,0.988585095435934,2.8432255154345018e-05,0.09888841774404525,-0.05142270182302892
tub,0.046554005574713904,0.0,0.1852382572635439,-0.24278854155597648,0.9465626778608358,2.6080521924431558e-05,0.05482858337571548,-0.14261589184954943
xray,1.0892564533676218e-05,2.2564752412800644e-06,0.0,0.1892539067268541,6.974243418862854e-08,7.584490432125616e-05,0.3934766388975178,0.09236747567333206
smoke,8.98201569932014e-05,4.292368963099905e-06,3.597594098529489e-05,0.0,4.4884895682931675e-07,1.03937986372603e-05,0.00014039093970768268,2.1294457058908732e-05
either,3.795819242226514e-06,8.365371693515552e-07,0.7879492361538664,0.18900259599868585,0.0,5.882945027884404e-05,0.32292558921109354,-0.15123981954349888
asia,0.046783146533621194,0.046085466428933866,0.040802224023552956,0.16799378727480352,0.0006024100000607658,0.0,0.34588683827124284,0.08641009824603582
dysp,4.0431991848050095e-05,8.698554822740502e-06,8.606607370974406e-06,0.16674539101725572,2.364417616814718e-07,2.648597540103881e-06,0.0,0.8423813880154514
bronc,6.399162528301599e-05,6.949353302279387e-06,2.3452198123738805e-05,0.4839064041979182,3.0490770701787185e-07,6.56908210926072e-06,3.240943470275998e-05,0.0
