,lung,tub,xray,smoke,either,asia,dysp,bronc
lung,0.0,-0.989823204284836,0.0,0.415072228225957,0,0,-0.0719407503263108,0.0
tub,0.0,0.0,0.0,0.0,0,0,0.0,0.0
xray,0.0,0.0,0.0,0.0,0,0,0.0,0.0
smoke,0.0,0.0,0.0,0.0,0,0,0.00693727812117771,0.299077325935387
either,0.847803124472688,0.999999979609144,0.9361694388194279,0.0,0,0,0.38959861691730296,0.0
asia,0.0,0.0,0.0,0.0,0,0,0.0,0.0
dysp,0.0,0.0,0.0,0.0,0,0,0.0,0.0
bronc,0.0,0.0,0.0,0.0,0,0,0.665864359867558,0.0
