,asia,tub,smoke,bronc,either,xray,dysp
asia,0,0,0.0,0.0,0.0,0.0,0.0
tub,0,0,-0.416994973396519,0.0,0.9477392638034341,0.0,0.0
smoke,0,0,0.0,0.31461386250338697,0.0,0.0,0.0
bronc,0,0,0.0,0.0,0.0,0.0,0.6544049599251309
either,0,0,0.37547291000577504,0.0,0.0,0.9318460324046209,0.28272660213600703
xray,0,0,0.0,0.0,0.0,0.0,0.0
dysp,0,0,0.0,0.0,0.0,0.0,0.0
