,asia,tub,smoke,lung,bronc,either,xray
asia,0,0,0.0,0,0,0.0,0.0
tub,0,0,0.0,0,0,0.935127699759291,0.0
smoke,0,0,0.0,0,0,0.0,0.0
lung,0,0,0.338177765513795,0,0,0.9873336139189929,0.0
bronc,0,0,0.281420569982493,0,0,0.0,0.0
either,0,0,0.0,0,0,0.0,0.8030395188110171
xray,0,0,0.0,0,0,0.0,0.0
