,asia,tub,smoke,lung,bronc,either,dysp
asia,0,0.0,0.0,0.0,0.0,0,0.0
tub,0,0.0,0.0,0.0,0.0,0,0.0
smoke,0,0.0,0.0,0.0,0.300575197955901,0,0.0172850798976343
lung,0,-0.98561637351925,0.31836519640308,0.0,0.0,0,0.0
bronc,0,0.0,0.0,0.0,0.0,0,0.6520258934155799
either,0,1.00001636666429,0.0,0.8368476649136228,0.0,0,0.0
dysp,0,0.0,0.0,0.0,0.0,0,0.0
