,tub,smoke,lung,bronc,either,xray,dysp
tub,0.0,0.0,0.0,0.0,0,0.0,0.0
smoke,0.0,0.0,0.0,0.285781053163573,0,0.0,0.0
lung,-0.9929651680086291,0.402531808516357,0.0,0.0,0,0.0,0.0
bronc,0.0,0.0,0.0,0.0,0,0.0,0.674706708719908
either,0.99999997903589,0.0,0.8350538096982141,0.0,0,0.8444297150739871,0.0
xray,0.0,0.0,0.0,0.0,0,0.0,0.0
dysp,0.0,0.0,0.0,0.0,0,0.0,0.0
