,asia,tub,lung,bronc,either,xray,dysp
asia,0,0.0,0.0,0.0,0,0.0,0.0
tub,0,0.0,0.0,0.0,0,0.182516034369143,0.0
lung,0,-0.990430448828582,0.0,0.0,0,0.19013670231295002,0.0
bronc,0,0.0,0.0,0.0,0,0.0,0.0
either,0,0.9999925762212841,0.843828711342114,0.0,0,0.750835408390636,0.37746829361826206
xray,0,0.0,0.0,0.0,0,0.0,0.0
dysp,0,0.0,0.0,0.699479000603569,0,0.0,0.0
