,asia,tub,smoke,lung,bronc,either,xray,dysp
asia,0.0,1.8185668256503837e-06,3.572473070871279e-06,0.5036943809043268,0.1592022606262787,-0.2297507254896442,-0.04164156896261407,0.10584951443821389
tub,0.985680377617426,0.0,1.8833829604452177e-06,0.3996665070777323,0.13159013678115486,0.31837031057313325,0.06353300755302464,0.04369466718419473
smoke,0.010789609469247403,0.9896801690047785,0.0,0.09685024164403358,0.1715181004698222,-0.00122703002809996,0.010949409088081119,0.20325161118753413
lung,1.1888164952662363e-07,5.425304176868221e-06,1.3416469035193338e-05,0.0,-0.04167285444309037,0.90226979156542,0.06656302479537034,0.027229317326511578
bronc,7.353006981604232e-07,1.9290564717317532e-05,2.2847451417768708e-05,-9.303821533847842e-07,0.0,-3.549192179353477e-07,-6.258007890935654e-07,1.1907578822306687e-06
either,-1.341122411460033e-07,6.884708926354575e-06,1.879759893686901e-05,7.141728712349139e-08,-0.1319027100139897,0.0,0.854556264225515,0.374403726690895
xray,-1.030924771184925e-07,2.0495586776655794e-05,7.235750720268942e-05,5.038687025124769e-07,-0.03985014462342309,2.313695002188509e-08,0.0,-0.06631555275416062
dysp,2.0494226886641672e-07,3.883524201576897e-05,2.4256458724470697e-05,8.185452224477141e-07,0.6580941184363956,-8.141299741309355e-08,-2.9932318992537005e-06,0.0
