,asia,tub,smoke,lung,either,xray,dysp
asia,0,0.0,0,0.0,0,0.0,0.0
tub,0,0.0,0,-0.9561904627414342,0,0.0,0.19223481183182198
smoke,0,0.0,0,0.0,0,0.0,0.18314013037356
lung,0,0.0,0,0.0,0,0.0,0.124434250092855
either,0,0.16139590495220701,0,0.9999999942893621,0,0.9331841028784491,0.18834738973825
xray,0,0.0,0,2.09971226761511e-09,0,0.0,0.0
dysp,0,0.0,0,0.0,0,0.0,0.0
