,asia,tub,smoke,lung,bronc,xray,dysp
asia,0,0,0.0,0,0.0,0.0,0.0
tub,0,0,0.0,0,0.0,0.8715924596905741,0.31780869140585305
smoke,0,0,0.0,0,0.297957567984444,0.0,0.0
lung,0,0,0.41136263697509795,0,0.0,0.9222923746867902,0.263092883827523
bronc,0,0,0.0,0,0.0,0.0,0.655189948273021
xray,0,0,0.0,0,0.0,0.0,0.0
dysp,0,0,0.0,0,0.0,0.0,0.0
