,asia,smoke,lung,bronc,either,xray,dysp
asia,0,0.0,0,0.0,0.0,0.0,0.0
smoke,0,0.0,0,0.285814785564515,0.0,0.0,0.0
lung,0,0.35594554982019394,0,0.0,0.990495172779066,0.0,0.0
bronc,0,0.0,0,0.0,0.0,0.0,0.663694997724293
either,0,0.0,0,0.0,0.0,0.918295362426458,0.380338099740329
xray,0,0.0,0,0.0,0.0,0.0,0.0
dysp,0,0.0,0,0.0,0.0,0.0,0.0
